return period,return value,lower ci,upper ci
2.0,8.082792211628618,6.811525609102939,9.689636558329346
5.0,11.9958226843995,10.344868026750913,14.76443860755569
10.0,14.586589341389896,12.560510038984361,18.240565608456052
25.0,17.860029880486522,15.31006880033571,22.692483048284373
50.0,20.288455070146,17.33062542952948,26.01073444863344
100.0,22.698949149396988,19.33102401260052,29.31662280939316
