return period,return value,lower ci,upper ci
2.0,8.085243656120962,6.822275455853662,9.696262406718333
5.0,12.001266308685155,10.34023736278487,14.782421266518883
10.0,14.59401404905688,12.550476263024265,18.25069142505612
25.0,17.869957692257568,15.285933025305972,22.71024482665017
50.0,20.300239827533147,17.294979343536504,26.065503245964507
100.0,22.71257714100529,19.27323119500938,29.372992530068505
