return period,return value,lower ci,upper ci
2.0,8.086059858861123,6.8155096912407975,9.686218662402101
5.0,12.004127227074179,10.353766790952328,14.758263209219919
10.0,14.598228747122029,12.568916483730556,18.22784416375181
25.0,17.875882894532303,15.319533389253603,22.660592690416014
50.0,20.307433979544392,17.341521812673996,25.968315039293266
100.0,22.72103087302738,19.34038007326592,29.26166314883559
