return period,return value,lower ci,upper ci
2.0,8.08176358336289,6.795945299211644,9.677759791349565
5.0,12.00067448248004,10.333642591430403,14.742033674873037
10.0,14.595334493384449,12.547722542593847,18.21311038105952
25.0,17.873694295472514,15.299504329003275,22.663834624540108
50.0,20.305768875435646,17.32242744650189,25.97630828646286
100.0,22.71988539846513,19.31993456722648,29.279806203560916
